{"cameraMode":{"drawMode":0,"name":"Shaded","section":"Shading Mode"},"sceneLighting":true,"audioPlay":false,"sceneViewState":{"showFog":true,"showMaterialUpdate":false,"showSkybox":false,"showFlares":true,"showImageEffects":true,"showParticleSystems":true},"in2DMode":false,"pivot":{"x":10.628520965576172,"y":4.033514976501465,"z":3.4012207984924318},"rotation":{"x":-0.12432819604873657,"y":-0.4079846739768982,"z":0.05609581619501114,"w":-0.9028699398040772},"size":10.0,"orthographic":false}