{"cameraMode":{"drawMode":0,"name":"Shaded","section":"Shading Mode"},"sceneLighting":true,"audioPlay":false,"sceneViewState":{"showFog":true,"showMaterialUpdate":false,"showSkybox":false,"showFlares":true,"showImageEffects":true,"showParticleSystems":true},"in2DMode":false,"pivot":{"x":16.628520965576173,"y":4.033514976501465,"z":0.40122079849243166},"rotation":{"x":-0.3063861131668091,"y":0.07280238717794419,"z":-0.02360260672867298,"w":-0.948955774307251},"size":7.088723659515381,"orthographic":false}